attribute name,macro,filename,is somewhere in Documentation?,status
ecc_unit_size,DEVICE_ATTR_RO,acpi/nfit/core.c,No,-
formats,DEVICE_ATTR_RO,acpi/nfit/core.c,No,-
subsystem_vendor,DEVICE_ATTR_RO,acpi/nfit/core.c,No,-
handle,DEVICE_ATTR_RO,acpi/nfit/core.c,No,-
dsm_mask,DEVICE_ATTR_RO,acpi/nfit/core.c,No,-
serial,DEVICE_ATTR_RO,acpi/nfit/core.c,No,-
subsystem_device,DEVICE_ATTR_RO,acpi/nfit/core.c,No,-
format1,DEVICE_ATTR_RO,acpi/nfit/core.c,No,-
subsystem_rev_id,DEVICE_ATTR_RO,acpi/nfit/core.c,No,-
phys_id,DEVICE_ATTR_RO,acpi/nfit/core.c,No,-
range_index,DEVICE_ATTR_RO,acpi/nfit/core.c,No,-
em_message_type,DEVICE_ATTR,ata/libata-scsi.c,No,-
em_message,DEVICE_ATTR,ata/libata-scsi.c,No,-
unload_heads,DEVICE_ATTR,ata/libata-scsi.c,No,-
link_power_management_policy,DEVICE_ATTR,ata/libata-scsi.c,No,-
ncq_prio_enable,DEVICE_ATTR,ata/libata-scsi.c,No,-
sw_activity,DEVICE_ATTR,ata/libata-scsi.c,No,-
partscan,LOOP_ATTR_RO,block/loop.c,No,-
sizelimit,LOOP_ATTR_RO,block/loop.c,No,-
dio,LOOP_ATTR_RO,block/loop.c,No,-
autoclear,LOOP_ATTR_RO,block/loop.c,No,-
backing_file,LOOP_ATTR_RO,block/loop.c,No,-
supported_features,BUS_ATTR,block/rbd.c,No,-
add,BUS_ATTR,block/rbd.c,No,-
ds_req,VBD_SHOW_ALLRING,block/xen-blkback/xenbus.c,No,-
bus,CCN_FORMAT_ATTR,bus/arm-ccn.c,No,-
dir,CCN_FORMAT_ATTR,bus/arm-ccn.c,No,-
cmp_h,CCN_FORMAT_ATTR,bus/arm-ccn.c,No,-
vc,CCN_FORMAT_ATTR,bus/arm-ccn.c,No,-
mask,CCN_FORMAT_ATTR,bus/arm-ccn.c,No,-
xp,CCN_FORMAT_ATTR,bus/arm-ccn.c,No,-
cmp_l,CCN_FORMAT_ATTR,bus/arm-ccn.c,No,-
resource,CDMM_ATTR,bus/mips_cdmm.c,No,-
bsr_stride,DEVICE_ATTR_RO,char/bsr.c,No,-
bsr_size,DEVICE_ATTR_RO,char/bsr.c,No,-
bsr_length,DEVICE_ATTR_RO,char/bsr.c,No,-
interrupts_enabled,DEVICE_ATTR,char/ipmi/ipmi_si_intf.c,No,-
params,DEVICE_ATTR,char/ipmi/ipmi_si_intf.c,No,-
enable_clka1_output,DEVICE_ATTR,char/tlclk.c,No,-
hardware_switching_mode,DEVICE_ATTR,char/tlclk.c,No,-
mode_select,DEVICE_ATTR,char/tlclk.c,No,-
enable_clk3b_output,DEVICE_ATTR,char/tlclk.c,No,-
hardware_switching,DEVICE_ATTR,char/tlclk.c,No,-
refalign,DEVICE_ATTR,char/tlclk.c,No,-
alarms,DEVICE_ATTR,char/tlclk.c,No,-
select_ref_frequency,DEVICE_ATTR,char/tlclk.c,No,-
filter_select,DEVICE_ATTR,char/tlclk.c,No,-
telclock_version,DEVICE_ATTR,char/tlclk.c,No,-
enable_clkb0_output,DEVICE_ATTR,char/tlclk.c,No,-
enable_clk3a_output,DEVICE_ATTR,char/tlclk.c,No,-
select_redundant_clock,DEVICE_ATTR,char/tlclk.c,No,-
received_ref_clk3a,DEVICE_ATTR,char/tlclk.c,No,-
enable_clkb1_output,DEVICE_ATTR,char/tlclk.c,No,-
enable_clka0_output,DEVICE_ATTR,char/tlclk.c,No,-
received_ref_clk3b,DEVICE_ATTR,char/tlclk.c,No,-
current_ref,DEVICE_ATTR,char/tlclk.c,No,-
select_amcb1_transmit_clock,DEVICE_ATTR,char/tlclk.c,No,-
select_amcb2_transmit_clock,DEVICE_ATTR,char/tlclk.c,No,-
stat_irq_thresh,DEVICE_ATTR,crypto/picoxcell_crypto.c,No,-
write_cache,DEVICE_ATTR_RW,dax/super.c,No,-
edac_mode,DEVICE_ATTR_LEGACY,edac/edac_mc_sysfs.c,No,-
mem_type,DEVICE_ATTR_LEGACY,edac/edac_mc_sysfs.c,No,-
dev_type,DEVICE_ATTR_LEGACY,edac/edac_mc_sysfs.c,No,-
inject_data_lo,DEVICE_ATTR,edac/fsl_ddr_edac.c,No,-
inject_ctrl,DEVICE_ATTR,edac/fsl_ddr_edac.c,No,-
inject_data_hi,DEVICE_ATTR,edac/fsl_ddr_edac.c,No,-
inject_enable,DEVICE_ATTR,edac/i7core_edac.c,No,-
col,ATTR_ADDR_MATCH,edac/i7core_edac.c,No,-
rank,DECLARE_ADDR_MATCH,edac/i7core_edac.c,No,-
dimm,ATTR_ADDR_MATCH,edac/i7core_edac.c,No,-
page,ATTR_ADDR_MATCH,edac/i7core_edac.c,No,-
col,DECLARE_ADDR_MATCH,edac/i7core_edac.c,No,-
inject_section,DEVICE_ATTR,edac/i7core_edac.c,No,-
dimm,DECLARE_ADDR_MATCH,edac/i7core_edac.c,No,-
bank,DECLARE_ADDR_MATCH,edac/i7core_edac.c,No,-
rank,ATTR_ADDR_MATCH,edac/i7core_edac.c,No,-
page,DECLARE_ADDR_MATCH,edac/i7core_edac.c,No,-
bank,ATTR_ADDR_MATCH,edac/i7core_edac.c,No,-
inject_eccmask,DEVICE_ATTR,edac/i7core_edac.c,No,-
instance,DMI_SYSFS_ATTR,firmware/dmi-sysfs.c,No,-
handle,DMI_SYSFS_ATTR,firmware/dmi-sysfs.c,No,-
pwm1_enable,SENSOR_DEVICE_ATTR,gpu/drm/amd/amdgpu/amdgpu_pm.c,No,-
temp1_crit_hyst,SENSOR_DEVICE_ATTR,gpu/drm/amd/amdgpu/amdgpu_pm.c,No,-
temp1_input,SENSOR_DEVICE_ATTR,gpu/drm/amd/amdgpu/amdgpu_pm.c,No,-
fan1_input,SENSOR_DEVICE_ATTR,gpu/drm/amd/amdgpu/amdgpu_pm.c,No,-
pwm1_max,SENSOR_DEVICE_ATTR,gpu/drm/amd/amdgpu/amdgpu_pm.c,No,-
pwm1_min,SENSOR_DEVICE_ATTR,gpu/drm/amd/amdgpu/amdgpu_pm.c,No,-
temp1_crit,SENSOR_DEVICE_ATTR,gpu/drm/amd/amdgpu/amdgpu_pm.c,No,-
pwm1,SENSOR_DEVICE_ATTR,gpu/drm/amd/amdgpu/amdgpu_pm.c,No,-
connection,DEVICE_ATTR,gpu/drm/exynos/exynos_drm_vidi.c,No,-
power_dpm_force_performance_level,DEVICE_ATTR,gpu/drm/radeon/radeon_pm.c,No,-
power_profile,DEVICE_ATTR,gpu/drm/radeon/radeon_pm.c,No,-
power_method,DEVICE_ATTR,gpu/drm/radeon/radeon_pm.c,No,-
power_dpm_state,DEVICE_ATTR,gpu/drm/radeon/radeon_pm.c,No,-
builtin_power_supply,DEVICE_ATTR,hid/hid-logitech-hidpp.c,No,-
activation_height,DEVICE_ATTR,hid/hid-ntrig.c,No,-
deactivate_slack,DEVICE_ATTR,hid/hid-ntrig.c,No,-
activation_width,DEVICE_ATTR,hid/hid-ntrig.c,No,-
min_width,DEVICE_ATTR,hid/hid-ntrig.c,No,-
activate_slack,DEVICE_ATTR,hid/hid-ntrig.c,No,-
sensor_logical_width,DEVICE_ATTR,hid/hid-ntrig.c,No,-
sensor_physical_width,DEVICE_ATTR,hid/hid-ntrig.c,No,-
sensor_physical_height,DEVICE_ATTR,hid/hid-ntrig.c,No,-
sensor_logical_height,DEVICE_ATTR,hid/hid-ntrig.c,No,-
min_height,DEVICE_ATTR,hid/hid-ntrig.c,No,-
key_mask,DEVICE_ATTR,hid/hid-roccat-arvo.c,No,-
mode_key,DEVICE_ATTR,hid/hid-roccat-arvo.c,No,-
talk,ISKU_BIN_ATTR_W,hid/hid-roccat-isku.c,No,-
talkfx,ISKU_BIN_ATTR_W,hid/hid-roccat-isku.c,No,-
macro,KONEPLUS_BIN_ATTRIBUTE_W,hid/hid-roccat-koneplus.c,No,-
talk,KONEPLUS_BIN_ATTRIBUTE_W,hid/hid-roccat-koneplus.c,No,-
buttons,ROCCAT_COMMON2_BIN_ATTRIBUTE_RW,hid/hid-roccat-savu.c,No,-
profile,ROCCAT_COMMON2_BIN_ATTRIBUTE_RW,hid/hid-roccat-savu.c,No,-
info,ROCCAT_COMMON2_BIN_ATTRIBUTE_RW,hid/hid-roccat-savu.c,No,-
sensor,ROCCAT_COMMON2_BIN_ATTRIBUTE_RW,hid/hid-roccat-savu.c,No,-
general,ROCCAT_COMMON2_BIN_ATTRIBUTE_RW,hid/hid-roccat-savu.c,No,-
macro,ROCCAT_COMMON2_BIN_ATTRIBUTE_RW,hid/hid-roccat-savu.c,No,-
*,SENSOR_DEVICE_ATTR,hwmon/*,No,hwmon Nack
etmtssvr,coresight_etm3x_reg,hwtracing/coresight/coresight-etm3x-sysfs.c,No,-
addr_ctxtype,DEVICE_ATTR_RW,hwtracing/coresight/coresight-etm4x-sysfs.c,No,-
addr_context,DEVICE_ATTR_RW,hwtracing/coresight/coresight-etm4x-sysfs.c,No,-
lpp_dest,DEVICE_ATTR_RW,hwtracing/intel_th/pti.c,No,-
new_device,DEVICE_ATTR,i2c/i2c-core-base.c,No,-
media,DEVICE_ATTR_RO,ide/ide-sysfs.c,No,-
drivename,DEVICE_ATTR_RO,ide/ide-sysfs.c,No,-
in_accel_sampling_frequency_available,IIO_DEVICE_ATTR,iio/accel/kxcjk-1013.c,No,-
integration_time_available,IIO_CONST_ATTR_NAMED,iio/adc/ina2xx-adc.c,No,-
anglevel_scale_available,IIO_CONST_ATTR,iio/gyro/mpu3050-core.c,No,-
accel_scale_available,IIO_CONST_ATTR,iio/imu/kmx61.c,No,-
magn_scale_available,IIO_CONST_ATTR,iio/imu/kmx61.c,No,-
als_gain_available,IIO_CONST_ATTR,iio/light/vl6180.c,No,-
scale_available,IIO_DEVICE_ATTR,iio/magnetometer/hmc5843_core.c,No,-
sensor_sensitivity,IIO_DEVICE_ATTR,iio/proximity/as3935.c,No,-
noise_level_tripped,IIO_DEVICE_ATTR,iio/proximity/as3935.c,No,-
node_guid,DEVICE_ATTR,infiniband/core/sysfs.c,No,In Progress
node_type,DEVICE_ATTR,infiniband/core/sysfs.c,No,In Progress
fw_ver,DEVICE_ATTR,infiniband/core/sysfs.c,No,In Progress
node_desc,DEVICE_ATTR,infiniband/core/sysfs.c,No,In Progress
sys_image_guid,DEVICE_ATTR,infiniband/core/sysfs.c,No,In Progress
abi_version,CLASS_ATTR_STRING,infiniband/core/ucm.c,No,In Progress
fw_pages,DEVICE_ATTR,infiniband/hw/mlx5/main.c,No,In Progress
board_id,DEVICE_ATTR,infiniband/hw/mlx5/main.c,No,In Progress
hca_type,DEVICE_ATTR,infiniband/hw/mlx5/main.c,No,In Progress
reg_pages,DEVICE_ATTR,infiniband/hw/mlx5/main.c,No,In Progress
hw_rev,DEVICE_ATTR,infiniband/hw/mlx5/main.c,No,In Progress
board_id,DEVICE_ATTR,infiniband/hw/mthca/mthca_provider.c,No,In Progress
hca_type,DEVICE_ATTR,infiniband/hw/mthca/mthca_provider.c,No,In Progress
hw_rev,DEVICE_ATTR,infiniband/hw/mthca/mthca_provider.c,No,In Progress
hw_rev,DEVICE_ATTR,infiniband/hw/qedr/main.c,No,In Progress
hca_type,DEVICE_ATTR,infiniband/hw/qedr/main.c,No,In Progress
max_vf,DEVICE_ATTR,infiniband/hw/usnic/usnic_ib_sysfs.c,No,In Progress
board_id,DEVICE_ATTR,infiniband/hw/usnic/usnic_ib_sysfs.c,No,In Progress
cq_per_vf,DEVICE_ATTR,infiniband/hw/usnic/usnic_ib_sysfs.c,No,In Progress
iface,DEVICE_ATTR,infiniband/hw/usnic/usnic_ib_sysfs.c,No,In Progress
qp_per_vf,DEVICE_ATTR,infiniband/hw/usnic/usnic_ib_sysfs.c,No,In Progress
disable_kp,DEVICE_ATTR,input/keyboard/lm8323.c,No,-
time,DEVICE_ATTR,input/keyboard/lm8323.c,No,-
poll,DEVICE_ATTR,input/misc/kxtj9.c,No,-
hide_icon,DEVICE_ATTR,input/misc/yealink.c,No,-
map_seg7,DEVICE_ATTR,input/misc/yealink.c,No,-
line3,DEVICE_ATTR,input/misc/yealink.c,No,-
get_icons,DEVICE_ATTR,input/misc/yealink.c,No,-
ringtone,DEVICE_ATTR,input/misc/yealink.c,No,-
show_icon,DEVICE_ATTR,input/misc/yealink.c,No,-
line2,DEVICE_ATTR,input/misc/yealink.c,No,-
line1,DEVICE_ATTR,input/misc/yealink.c,No,-
mindrag,TRACKPOINT_INT_ATTR,input/mouse/trackpoint.c,No,-
inertia,TRACKPOINT_INT_ATTR,input/mouse/trackpoint.c,No,-
reach,TRACKPOINT_INT_ATTR,input/mouse/trackpoint.c,No,-
jenks,TRACKPOINT_INT_ATTR,input/mouse/trackpoint.c,No,-
thresh,TRACKPOINT_INT_ATTR,input/mouse/trackpoint.c,No,-
ztime,TRACKPOINT_INT_ATTR,input/mouse/trackpoint.c,No,-
draghys,TRACKPOINT_INT_ATTR,input/mouse/trackpoint.c,No,-
drift_time,TRACKPOINT_INT_ATTR,input/mouse/trackpoint.c,No,-
upthresh,TRACKPOINT_INT_ATTR,input/mouse/trackpoint.c,No,-
bind_mode,DEVICE_ATTR,input/serio/serio.c,No,-
disable,DEVICE_ATTR,input/touchscreen/ad7879.c,No,-
threshold,EDT_ATTR,input/touchscreen/edt-ft5x06.c,No,-
report_rate,EDT_ATTR,input/touchscreen/edt-ft5x06.c,No,-
gain,EDT_ATTR,input/touchscreen/edt-ft5x06.c,No,-
iap_mode,DEVICE_ATTR,input/touchscreen/elants_i2c.c,No,-
update_fw,DEVICE_ATTR,input/touchscreen/elants_i2c.c,No,-
update_fw,DEVICE_ATTR,input/touchscreen/hideep.c,No,-
run_engine,DEVICE_ATTR,leds/leds-lp55xx-common.c,No,-
select_engine,DEVICE_ATTR,leds/leds-lp55xx-common.c,No,-
max_current,DEVICE_ATTR,leds/leds-lp55xx-common.c,No,-
led_current,DEVICE_ATTR,leds/leds-lp55xx-common.c,No,-
duration,DEVICE_ATTR,leds/trigger/ledtrig-transient.c,No,-
activate,DEVICE_ATTR,leds/trigger/ledtrig-transient.c,No,-
compatible,DEVICE_ATTR_RO,macintosh/macio_sysfs.c,No,-
cache_miss_collisions,read_attribute,md/bcache/stats.c,No,-
cache_bypass_misses,read_attribute,md/bcache/stats.c,No,-
cache_readaheads,read_attribute,md/bcache/stats.c,No,-
cache_bypass_hits,read_attribute,md/bcache/stats.c,No,-
writeback_rate_minimum,rw_attribute,md/bcache/sysfs.c,No,-
verify,rw_attribute,md/bcache/sysfs.c,No,-
journal_delay_ms,rw_attribute,md/bcache/sysfs.c,No,-
copy_gc_enabled,rw_attribute,md/bcache/sysfs.c,No,-
io_error_limit,rw_attribute,md/bcache/sysfs.c,No,-
errors,rw_attribute,md/bcache/sysfs.c,No,-
gc_always_rewrite,rw_attribute,md/bcache/sysfs.c,No,-
expensive_debug_checks,rw_attribute,md/bcache/sysfs.c,No,-
data_csum,rw_attribute,md/bcache/sysfs.c,No,-
cache_mode,rw_attribute,md/bcache/sysfs.c,No,-
writeback_metadata,rw_attribute,md/bcache/sysfs.c,No,-
io_error_halflife,rw_attribute,md/bcache/sysfs.c,No,-
running,rw_attribute,md/bcache/sysfs.c,No,-
cache_replacement_policy,rw_attribute,md/bcache/sysfs.c,No,-
writeback_rate,rw_attribute,md/bcache/sysfs.c,No,-
btree_shrinker_disabled,rw_attribute,md/bcache/sysfs.c,No,-
writeback_rate_update_seconds,rw_attribute,md/bcache/sysfs.c,No,-
readahead,rw_attribute,md/bcache/sysfs.c,No,-
congested_write_threshold_us,rw_attribute,md/bcache/sysfs.c,No,-
bypass_torture_test,rw_attribute,md/bcache/sysfs.c,No,-
congested_read_threshold_us,rw_attribute,md/bcache/sysfs.c,No,-
key_merging_disabled,rw_attribute,md/bcache/sysfs.c,No,-
writeback_rate_p_term_inverse,rw_attribute,md/bcache/sysfs.c,No,-
writeback_rate_i_term_inverse,rw_attribute,md/bcache/sysfs.c,No,-
priv_mem,DEVICE_ATTR,media/i2c/et8ek8/et8ek8_driver.c,No,-
category,MEMSTICK_ATTR,memstick/core/memstick.c,No,-
board_tracer,DEVICE_ATTR,message/fusion/mptscsih.c,No,-
board_assembly,DEVICE_ATTR,message/fusion/mptscsih.c,No,-
version_bios,DEVICE_ATTR,message/fusion/mptscsih.c,No,-
version_mpi,DEVICE_ATTR,message/fusion/mptscsih.c,No,-
version_product,DEVICE_ATTR,message/fusion/mptscsih.c,No,-
version_nvdata_default,DEVICE_ATTR,message/fusion/mptscsih.c,No,-
version_fw,DEVICE_ATTR,message/fusion/mptscsih.c,No,-
io_delay,DEVICE_ATTR,message/fusion/mptscsih.c,No,-
board_name,DEVICE_ATTR,message/fusion/mptscsih.c,No,-
device_delay,DEVICE_ATTR,message/fusion/mptscsih.c,No,-
version_nvdata_persistent,DEVICE_ATTR,message/fusion/mptscsih.c,No,-
debug_level,DEVICE_ATTR,message/fusion/mptscsih.c,No,-
dbg_regs,DEVICE_ATTR,mfd/sm501.c,No,-
lux0_rate,DEVICE_ATTR,misc/bh1770glc.c,No,Needs to move to IIO first
lux0_input,DEVICE_ATTR,misc/bh1770glc.c,No,Needs to move to IIO first
chip_id,DEVICE_ATTR,misc/bh1770glc.c,No,Needs to move to IIO first
lux0_calibscale_default,DEVICE_ATTR,misc/bh1770glc.c,No,Needs to move to IIO first
prox0_rate_below,DEVICE_ATTR,misc/bh1770glc.c,No,Needs to move to IIO first
prox0_rate_above,DEVICE_ATTR,misc/bh1770glc.c,No,Needs to move to IIO first
prox0_thresh_above0_value,DEVICE_ATTR,misc/bh1770glc.c,No,Needs to move to IIO first
lux0_rate_avail,DEVICE_ATTR,misc/bh1770glc.c,No,Needs to move to IIO first
lux0_sensor_range,DEVICE_ATTR,misc/bh1770glc.c,No,Needs to move to IIO first
prox0_thresh_above_count,DEVICE_ATTR,misc/bh1770glc.c,No,Needs to move to IIO first
lux0_thresh_below_value,DEVICE_ATTR,misc/bh1770glc.c,No,Needs to move to IIO first
lux0_thresh_above_value,DEVICE_ATTR,misc/bh1770glc.c,No,Needs to move to IIO first
prox0_raw_en,DEVICE_ATTR,misc/bh1770glc.c,No,Needs to move to IIO first
lux0_calibscale,DEVICE_ATTR,misc/bh1770glc.c,No,Needs to move to IIO first
prox0_thresh_above1_value,DEVICE_ATTR,misc/bh1770glc.c,No,Needs to move to IIO first
prox0_raw,DEVICE_ATTR,misc/bh1770glc.c,No,Needs to move to IIO first
prox0_rate_avail,DEVICE_ATTR,misc/bh1770glc.c,No,Needs to move to IIO first
prox0_sensor_range,DEVICE_ATTR,misc/bh1770glc.c,No,Needs to move to IIO first
ref_clock,DEVICE_ATTR,misc/ics932s401.c,No,-
spread_enabled,DEVICE_ATTR,misc/ics932s401.c,No,-
usb_clock,DEVICE_ATTR,misc/ics932s401.c,No,-
src_clock_selection,DEVICE_ATTR,misc/ics932s401.c,No,-
cpu_spread,DEVICE_ATTR,misc/ics932s401.c,No,-
cpu_clock,DEVICE_ATTR,misc/ics932s401.c,No,-
pci_clock,DEVICE_ATTR,misc/ics932s401.c,No,-
src_spread,DEVICE_ATTR,misc/ics932s401.c,No,-
pci_clock_selection,DEVICE_ATTR,misc/ics932s401.c,No,-
cpu_clock_selection,DEVICE_ATTR,misc/ics932s401.c,No,-
src_clock,DEVICE_ATTR,misc/ics932s401.c,No,-
operating_mode,DEVICE_ATTR,misc/tsl2550.c,No,-
lux1_input,DEVICE_ATTR,misc/tsl2550.c,No,-
serial,MMC_DEV_ATTR,mmc/core/mmc.c,No,-
manfid,MMC_DEV_ATTR,mmc/core/mmc.c,No,-
csd,MMC_DEV_ATTR,mmc/core/mmc.c,No,-
hwrev,MMC_DEV_ATTR,mmc/core/mmc.c,No,-
erase_size,MMC_DEV_ATTR,mmc/core/mmc.c,No,-
cmdq_en,MMC_DEV_ATTR,mmc/core/mmc.c,No,-
life_time,MMC_DEV_ATTR,mmc/core/mmc.c,No,-
rel_sectors,MMC_DEV_ATTR,mmc/core/mmc.c,No,-
ocr,MMC_DEV_ATTR,mmc/core/mmc.c,No,-
raw_rpmb_size_mult,MMC_DEV_ATTR,mmc/core/mmc.c,No,-
prv,MMC_DEV_ATTR,mmc/core/mmc.c,No,-
oemid,MMC_DEV_ATTR,mmc/core/mmc.c,No,-
cid,MMC_DEV_ATTR,mmc/core/mmc.c,No,-
preferred_erase_size,MMC_DEV_ATTR,mmc/core/mmc.c,No,-
pre_eol_info,MMC_DEV_ATTR,mmc/core/mmc.c,No,-
date,MMC_DEV_ATTR,mmc/core/mmc.c,No,-
ffu_capable,MMC_DEV_ATTR,mmc/core/mmc.c,No,-
slot_name,DEVICE_ATTR,mmc/host/omap_hsmmc.c,No,-
cover_switch,DEVICE_ATTR,mmc/host/omap_hsmmc.c,No,-
ad_partner_mac,DEVICE_ATTR,net/bonding/bond_sysfs.c,No,-
arp_interval,DEVICE_ATTR,net/bonding/bond_sysfs.c,No,-
arp_ip_target,DEVICE_ATTR,net/bonding/bond_sysfs.c,No,-
xmit_hash_policy,DEVICE_ATTR,net/bonding/bond_sysfs.c,No,-
ad_actor_system,DEVICE_ATTR,net/bonding/bond_sysfs.c,No,-
ad_select,DEVICE_ATTR,net/bonding/bond_sysfs.c,No,-
ad_partner_key,DEVICE_ATTR,net/bonding/bond_sysfs.c,No,-
resend_igmp,DEVICE_ATTR,net/bonding/bond_sysfs.c,No,-
primary,DEVICE_ATTR,net/bonding/bond_sysfs.c,No,-
arp_validate,DEVICE_ATTR,net/bonding/bond_sysfs.c,No,-
updelay,DEVICE_ATTR,net/bonding/bond_sysfs.c,No,-
slaves,DEVICE_ATTR,net/bonding/bond_sysfs.c,No,-
queue_id,DEVICE_ATTR,net/bonding/bond_sysfs.c,No,-
ad_actor_key,DEVICE_ATTR,net/bonding/bond_sysfs.c,No,-
mii_status,DEVICE_ATTR,net/bonding/bond_sysfs.c,No,-
active_slave,DEVICE_ATTR,net/bonding/bond_sysfs.c,No,-
fail_over_mac,DEVICE_ATTR,net/bonding/bond_sysfs.c,No,-
arp_all_targets,DEVICE_ATTR,net/bonding/bond_sysfs.c,No,-
num_grat_arp,DEVICE_ATTR,net/bonding/bond_sysfs.c,No,-
lp_interval,DEVICE_ATTR,net/bonding/bond_sysfs.c,No,-
miimon,DEVICE_ATTR,net/bonding/bond_sysfs.c,No,-
min_links,DEVICE_ATTR,net/bonding/bond_sysfs.c,No,-
ad_actor_sys_prio,DEVICE_ATTR,net/bonding/bond_sysfs.c,No,-
packets_per_slave,DEVICE_ATTR,net/bonding/bond_sysfs.c,No,-
ad_user_port_key,DEVICE_ATTR,net/bonding/bond_sysfs.c,No,-
tlb_dynamic_lb,DEVICE_ATTR,net/bonding/bond_sysfs.c,No,-
primary_reselect,DEVICE_ATTR,net/bonding/bond_sysfs.c,No,-
lacp_rate,DEVICE_ATTR,net/bonding/bond_sysfs.c,No,-
all_slaves_active,DEVICE_ATTR,net/bonding/bond_sysfs.c,No,-
use_carrier,DEVICE_ATTR,net/bonding/bond_sysfs.c,No,-
num_unsol_na,DEVICE_ATTR,net/bonding/bond_sysfs.c,No,-
downdelay,DEVICE_ATTR,net/bonding/bond_sysfs.c,No,-
ad_num_ports,DEVICE_ATTR,net/bonding/bond_sysfs.c,No,-
ad_aggregator,DEVICE_ATTR,net/bonding/bond_sysfs.c,No,-
chip,DEVICE_ATTR,net/can/softing/softing_main.c,No,-
output,DEVICE_ATTR,net/can/softing/softing_main.c,No,-
temp1_input,SENSOR_DEVICE_ATTR,net/ethernet/emulex/benet/be_main.c,No,-
num,ATTR,net/ethernet/ibm/ibmveth.c,No,-
failover,DEVICE_ATTR,net/ethernet/ibm/ibmvnic.c,No,-
phy_type,DEVICE_ATTR,net/ethernet/sfc/falcon/efx.c,No,-
interference,DEVICE_ATTR,net/wireless/broadcom/b43/sysfs.c,No,-
interference,DEVICE_ATTR,net/wireless/broadcom/b43legacy/sysfs.c,No,-
shortpreamble,DEVICE_ATTR,net/wireless/broadcom/b43legacy/sysfs.c,No,-
antenna,DEVICE_ATTR,net/wireless/intel/iwlegacy/3945-mac.c,No,-
retry_rate,DEVICE_ATTR,net/wireless/intel/iwlegacy/3945-mac.c,No,-
temperature,DEVICE_ATTR,net/wireless/intel/iwlegacy/3945-mac.c,No,-
debug_level,DEVICE_ATTR,net/wireless/intel/iwlegacy/3945-mac.c,No,-
tx_power,DEVICE_ATTR,net/wireless/intel/iwlegacy/3945-mac.c,No,-
measurement,DEVICE_ATTR,net/wireless/intel/iwlegacy/3945-mac.c,No,-
filter_flags,DEVICE_ATTR,net/wireless/intel/iwlegacy/3945-mac.c,No,-
dump_errors,DEVICE_ATTR,net/wireless/intel/iwlegacy/3945-mac.c,No,-
capability,DEVICE_ATTR,net/wireless/marvell/libertas/mesh.c,No,-
mesh_id,DEVICE_ATTR,net/wireless/marvell/libertas/mesh.c,No,-
lbs_mesh,DEVICE_ATTR,net/wireless/marvell/libertas/mesh.c,No,-
protocol_id,DEVICE_ATTR,net/wireless/marvell/libertas/mesh.c,No,-
metric_id,DEVICE_ATTR,net/wireless/marvell/libertas/mesh.c,No,-
boottime,DEVICE_ATTR,net/wireless/marvell/libertas/mesh.c,No,-
bootflag,DEVICE_ATTR,net/wireless/marvell/libertas/mesh.c,No,-
prb_rsp_limit,DEVICE_ATTR,net/wireless/marvell/libertas/mesh.c,No,-
anycast_mask,DEVICE_ATTR,net/wireless/marvell/libertas/mesh.c,No,-
namespace,DEVICE_ATTR_RW,nvdimm/btt_devs.c,No,-
sector_size,DEVICE_ATTR_RW,nvdimm/btt_devs.c,No,-
wait_probe,DEVICE_ATTR_RO,nvdimm/core.c,No,-
commands,DEVICE_ATTR_RO,nvdimm/core.c,No,-
provider,DEVICE_ATTR_RO,nvdimm/core.c,No,-
namespace,DEVICE_ATTR_RW,nvdimm/pfn_devs.c,No,-
hw_sector_size,NVM_DEV_ATTR_RO,nvme/host/lightnvm.c,No,-
device_mode,NVM_DEV_ATTR_RO,nvme/host/lightnvm.c,No,-
num_planes,NVM_DEV_ATTR_RO,nvme/host/lightnvm.c,No,-
num_pages,NVM_DEV_ATTR_RO,nvme/host/lightnvm.c,No,-
max_phys_secs,NVM_DEV_ATTR_RO,nvme/host/lightnvm.c,No,-
prog_typ,NVM_DEV_ATTR_RO,nvme/host/lightnvm.c,No,-
erase_max,NVM_DEV_ATTR_RO,nvme/host/lightnvm.c,No,-
read_typ,NVM_DEV_ATTR_RO,nvme/host/lightnvm.c,No,-
page_size,NVM_DEV_ATTR_RO,nvme/host/lightnvm.c,No,-
prog_max,NVM_DEV_ATTR_RO,nvme/host/lightnvm.c,No,-
media_type,NVM_DEV_ATTR_RO,nvme/host/lightnvm.c,No,-
num_channels,NVM_DEV_ATTR_RO,nvme/host/lightnvm.c,No,-
erase_typ,NVM_DEV_ATTR_RO,nvme/host/lightnvm.c,No,-
ppa_format,NVM_DEV_ATTR_RO,nvme/host/lightnvm.c,No,-
vendor_opcode,NVM_DEV_ATTR_RO,nvme/host/lightnvm.c,No,-
num_luns,NVM_DEV_ATTR_RO,nvme/host/lightnvm.c,No,-
multiplane_modes,NVM_DEV_ATTR_RO,nvme/host/lightnvm.c,No,-
media_capabilities,NVM_DEV_ATTR_RO,nvme/host/lightnvm.c,No,-
media_manager,NVM_DEV_ATTR_RO,nvme/host/lightnvm.c,No,-
read_max,NVM_DEV_ATTR_RO,nvme/host/lightnvm.c,No,-
num_blocks,NVM_DEV_ATTR_RO,nvme/host/lightnvm.c,No,-
oob_sector_size,NVM_DEV_ATTR_RO,nvme/host/lightnvm.c,No,-
flash_media_type,NVM_DEV_ATTR_RO,nvme/host/lightnvm.c,No,-
del_remote_port,DEVICE_ATTR,nvme/target/fcloop.c,No,-
del_target_port,DEVICE_ATTR,nvme/target/fcloop.c,No,-
add_target_port,DEVICE_ATTR,nvme/target/fcloop.c,No,-
add_remote_port,DEVICE_ATTR,nvme/target/fcloop.c,No,-
add_local_port,DEVICE_ATTR,nvme/target/fcloop.c,No,-
del_local_port,DEVICE_ATTR,nvme/target/fcloop.c,No,-
subsystem_vendor,pci_config_attr,pci/pci-sysfs.c,No,-
subsystem_device,pci_config_attr,pci/pci-sysfs.c,No,-
resource_alignment,BUS_ATTR,pci/pci.c,No,-
resources,DEVICE_ATTR_RO,pcmcia/ds.c,No,-
pm_state,DEVICE_ATTR_RW,pcmcia/ds.c,No,-
cpumask,DEVICE_ATTR,perf/arm_spe_pmu.c,No,-
fan1_label,DEVICE_ATTR_RO,platform/x86/asus-wmi.c,No,-
fan1_input,DEVICE_ATTR_RO,platform/x86/asus-wmi.c,No,-
als_enable,ASUS_WMI_CREATE_DEVICE_ATTR,platform/x86/asus-wmi.c,No,-
pwm1_enable,DEVICE_ATTR,platform/x86/compal-laptop.c,No,-
temp1_label,DEVICE_ATTR,platform/x86/compal-laptop.c,No,-
temp4_label,DEVICE_ATTR,platform/x86/compal-laptop.c,No,-
pwm1,DEVICE_ATTR,platform/x86/compal-laptop.c,No,-
temp5_input,DEVICE_ATTR,platform/x86/compal-laptop.c,No,-
temp6_input,DEVICE_ATTR,platform/x86/compal-laptop.c,No,-
temp4_input,DEVICE_ATTR,platform/x86/compal-laptop.c,No,-
temp2_input,DEVICE_ATTR,platform/x86/compal-laptop.c,No,-
temp1_input,DEVICE_ATTR,platform/x86/compal-laptop.c,No,-
temp5_label,DEVICE_ATTR,platform/x86/compal-laptop.c,No,-
wake_up_modem,DEVICE_ATTR,platform/x86/compal-laptop.c,No,-
wake_up_wlan,DEVICE_ATTR,platform/x86/compal-laptop.c,No,-
wake_up_pme,DEVICE_ATTR,platform/x86/compal-laptop.c,No,-
wake_up_lan,DEVICE_ATTR,platform/x86/compal-laptop.c,No,-
temp6_label,DEVICE_ATTR,platform/x86/compal-laptop.c,No,-
temp3_input,DEVICE_ATTR,platform/x86/compal-laptop.c,No,-
wake_up_mouse,DEVICE_ATTR,platform/x86/compal-laptop.c,No,-
temp2_label,DEVICE_ATTR,platform/x86/compal-laptop.c,No,-
temp3_label,DEVICE_ATTR,platform/x86/compal-laptop.c,No,-
wake_up_key,DEVICE_ATTR,platform/x86/compal-laptop.c,No,-
fan1_input,DEVICE_ATTR,platform/x86/compal-laptop.c,No,-
variance,DEVICE_ATTR,platform/x86/hdaps.c,No,-
temp2,DEVICE_ATTR,platform/x86/hdaps.c,No,-
keyboard_activity,DEVICE_ATTR,platform/x86/hdaps.c,No,-
mouse_activity,DEVICE_ATTR,platform/x86/hdaps.c,No,-
temp1,DEVICE_ATTR,platform/x86/hdaps.c,No,-
simplecmd,DEVICE_ATTR,platform/x86/intel_pmc_ipc.c,No,-
northpeak,DEVICE_ATTR,platform/x86/intel_pmc_ipc.c,No,-
hotkey_enable,DEVICE_ATTR_RW,platform/x86/thinkpad_acpi.c,No,-
hotkey_mask,DEVICE_ATTR_RW,platform/x86/thinkpad_acpi.c,No,-
bluetooth_enable,DEVICE_ATTR_RW,platform/x86/thinkpad_acpi.c,No,-
cmos_command,DEVICE_ATTR_WO,platform/x86/thinkpad_acpi.c,No,-
hotkey_poll_freq,DEVICE_ATTR_RW,platform/x86/thinkpad_acpi.c,No,-
hotkey_source_mask,DEVICE_ATTR_RW,platform/x86/thinkpad_acpi.c,No,-
adaptive_kbd_mode,DEVICE_ATTR_RW,platform/x86/thinkpad_acpi.c,No,-
charge_termination_enable,DEVICE_ATTR,power/supply/bq2415x_charger.c,No,-
termination_current,DEVICE_ATTR,power/supply/bq2415x_charger.c,No,-
stat_pin_enable,DEVICE_ATTR,power/supply/bq2415x_charger.c,No,-
reported_mode,DEVICE_ATTR,power/supply/bq2415x_charger.c,No,-
timer,DEVICE_ATTR,power/supply/bq2415x_charger.c,No,-
current_limit,DEVICE_ATTR,power/supply/bq2415x_charger.c,No,-
fault_status,DEVICE_ATTR,power/supply/bq2415x_charger.c,No,-
otg_status,DEVICE_ATTR,power/supply/bq2415x_charger.c,No,-
weak_battery_voltage,DEVICE_ATTR,power/supply/bq2415x_charger.c,No,-
registers,DEVICE_ATTR,power/supply/bq2415x_charger.c,No,-
charge_status,DEVICE_ATTR,power/supply/bq2415x_charger.c,No,-
charge_current,DEVICE_ATTR,power/supply/bq2415x_charger.c,No,-
battery_regulation_voltage,DEVICE_ATTR,power/supply/bq2415x_charger.c,No,-
otg_pin_enable,DEVICE_ATTR,power/supply/bq2415x_charger.c,No,-
boost_status,DEVICE_ATTR,power/supply/bq2415x_charger.c,No,-
chgmode,DEVICE_ATTR,power/supply/pcf50633-charger.c,No,-
chg_curlim,DEVICE_ATTR,power/supply/pcf50633-charger.c,No,-
usb_curlim,DEVICE_ATTR,power/supply/pcf50633-charger.c,No,-
n_programmable_pins,PTP_SHOW_INT,ptp/ptp_sysfs.c,No,-
hctosys,DEVICE_ATTR_RO,rtc/rtc-sysfs.c,No,Patch sent to move ioctl
max_user_freq,DEVICE_ATTR_RW,rtc/rtc-sysfs.c,No,Patch sent to move ioctl
since_epoch,DEVICE_ATTR_RO,rtc/rtc-sysfs.c,No,Patch sent to move ioctl
wakealarm,DEVICE_ATTR_RW,rtc/rtc-sysfs.c,No,Patch sent to move ioctl
time,DEVICE_ATTR_RO,rtc/rtc-sysfs.c,No,Patch sent to move ioctl
date,DEVICE_ATTR_RO,rtc/rtc-sysfs.c,No,Patch sent to move ioctl
raw_track_access,DEVICE_ATTR,s390/block/dasd_devmap.c,No,-
erplog,DEVICE_ATTR,s390/block/dasd_devmap.c,No,-
failfast,DEVICE_ATTR,s390/block/dasd_devmap.c,No,-
path_reset,DEVICE_ATTR,s390/block/dasd_devmap.c,No,-
use_diag,DEVICE_ATTR,s390/block/dasd_devmap.c,No,-
host_access_count,DEVICE_ATTR,s390/block/dasd_devmap.c,No,-
readonly,DEVICE_ATTR,s390/block/dasd_devmap.c,No,-
hpf,DEVICE_ATTR,s390/block/dasd_devmap.c,No,-
path_threshold,DEVICE_ATTR,s390/block/dasd_devmap.c,No,-
safe_offline,DEVICE_ATTR,s390/block/dasd_devmap.c,No,-
path_masks,DEVICE_ATTR,s390/block/dasd_devmap.c,No,-
last_known_reservation_state,DEVICE_ATTR,s390/block/dasd_devmap.c,No,-
alias,DEVICE_ATTR,s390/block/dasd_devmap.c,No,-
retries,DEVICE_ATTR,s390/block/dasd_devmap.c,No,-
expires,DEVICE_ATTR,s390/block/dasd_devmap.c,No,-
path_interval,DEVICE_ATTR,s390/block/dasd_devmap.c,No,-
eer_enabled,DEVICE_ATTR,s390/block/dasd_devmap.c,No,-
discipline,DEVICE_ATTR,s390/block/dasd_devmap.c,No,-
reservation_policy,DEVICE_ATTR,s390/block/dasd_devmap.c,No,-
recording_status,DRIVER_ATTR_RO,s390/char/vmlogrdr.c,No,-
cmb_enable,DEVICE_ATTR_RW,s390/cio/cmf.c,No,-
raw_hwtype,DEVICE_ATTR,s390/crypto/ap_card.c,No,-
requestq_count,DEVICE_ATTR,s390/crypto/ap_card.c,No,-
request_count,DEVICE_ATTR,s390/crypto/ap_card.c,No,-
hwtype,DEVICE_ATTR,s390/crypto/ap_card.c,No,-
ap_functions,DEVICE_ATTR,s390/crypto/ap_card.c,No,-
depth,DEVICE_ATTR,s390/crypto/ap_card.c,No,-
pendingq_count,DEVICE_ATTR,s390/crypto/ap_card.c,No,-
protocol,DEVICE_ATTR,s390/net/ctcm_sysfs.c,No,-
stats,DEVICE_ATTR,s390/net/ctcm_sysfs.c,No,-
group,DRIVER_ATTR_WO,s390/net/lcs.c,No,-
tx_single_write_ops,DEVICE_ATTR,s390/net/netiucv.c,No,-
tx_multi_write_ops,DEVICE_ATTR,s390/net/netiucv.c,No,-
connection_fsm_state,DEVICE_ATTR,s390/net/netiucv.c,No,-
tx_pending,DEVICE_ATTR,s390/net/netiucv.c,No,-
max_chained_skbs,DEVICE_ATTR,s390/net/netiucv.c,No,-
user,DEVICE_ATTR,s390/net/netiucv.c,No,-
device_fsm_state,DEVICE_ATTR,s390/net/netiucv.c,No,-
tx_max_pending,DEVICE_ATTR,s390/net/netiucv.c,No,-
netto_bytes,DEVICE_ATTR,s390/net/netiucv.c,No,-
max_tx_io_time,DEVICE_ATTR,s390/net/netiucv.c,No,-
max_tx_buffer_used,DEVICE_ATTR,s390/net/netiucv.c,No,-
update_bios,DEVICE_ATTR,scsi/aic94xx/aic94xx_init.c,No,-
pcba_sn,DEVICE_ATTR,scsi/aic94xx/aic94xx_init.c,No,-
bios_build,DEVICE_ATTR,scsi/aic94xx/aic94xx_init.c,No,-
hardware_version,DEVICE_ATTR,scsi/bfa/bfad_attr.c,No,-
number_of_ports,DEVICE_ATTR,scsi/bfa/bfad_attr.c,No,-
model_description,DEVICE_ATTR,scsi/bfa/bfad_attr.c,No,-
driver_name,DEVICE_ATTR,scsi/bfa/bfad_attr.c,No,-
symbolic_name,DEVICE_ATTR,scsi/bfa/bfad_attr.c,No,-
number_of_discovered_ports,DEVICE_ATTR,scsi/bfa/bfad_attr.c,No,-
option_rom_version,DEVICE_ATTR,scsi/bfa/bfad_attr.c,No,-
node_name,DEVICE_ATTR,scsi/bfa/bfad_attr.c,No,-
driver_version,DEVICE_ATTR,scsi/bfa/bfad_attr.c,No,-
serial_number,DEVICE_ATTR,scsi/bfa/bfad_attr.c,No,-
fcf_dev_loss_tmo,FCOE_DEVICE_ATTR,scsi/fcoe/fcoe_sysfs.c,No,-
r_a_tov,FCOE_DEVICE_ATTR,scsi/fcoe/fcoe_sysfs.c,No,-
fip_vlan_responder,FCOE_DEVICE_ATTR,scsi/fcoe/fcoe_sysfs.c,No,-
e_d_tov,FCOE_DEVICE_ATTR,scsi/fcoe/fcoe_sysfs.c,No,-
hostname,iscsi_boot_rd_attr,scsi/iscsi_boot_sysfs.c,No,-
oem_table_id,iscsi_boot_rd_attr,scsi/iscsi_boot_sysfs.c,No,-
mac,iscsi_boot_rd_attr,scsi/iscsi_boot_sysfs.c,No,-
lun,iscsi_boot_rd_attr,scsi/iscsi_boot_sysfs.c,No,-
vlan,iscsi_boot_rd_attr,scsi/iscsi_boot_sysfs.c,No,-
oem_id,iscsi_boot_rd_attr,scsi/iscsi_boot_sysfs.c,No,-
origin,iscsi_boot_rd_attr,scsi/iscsi_boot_sysfs.c,No,-
gateway,iscsi_boot_rd_attr,scsi/iscsi_boot_sysfs.c,No,-
signature,iscsi_boot_rd_attr,scsi/iscsi_boot_sysfs.c,No,-
dhcp,iscsi_boot_rd_attr,scsi/iscsi_boot_sysfs.c,No,-
fw_crash_buffer,DEVICE_ATTR,scsi/megaraid/megaraid_sas_base.c,No,-
fw_crash_state,DEVICE_ATTR,scsi/megaraid/megaraid_sas_base.c,No,-
release_date,DRIVER_ATTR_RO,scsi/megaraid/megaraid_sas_base.c,No,-
support_device_change,DRIVER_ATTR_RO,scsi/megaraid/megaraid_sas_base.c,No,-
ldio_outstanding,DEVICE_ATTR,scsi/megaraid/megaraid_sas_base.c,No,-
support_poll_for_event,DRIVER_ATTR_RO,scsi/megaraid/megaraid_sas_base.c,No,-
page_size,DEVICE_ATTR,scsi/megaraid/megaraid_sas_base.c,No,-
fw_crash_buffer_size,DEVICE_ATTR,scsi/megaraid/megaraid_sas_base.c,No,-
driver_version,DEVICE_ATTR,scsi/mvsas/mv_init.c,No,-
interrupt_coalescing,DEVICE_ATTR,scsi/mvsas/mv_init.c,No,-
file_count,DEVICE_ATTR,scsi/osst.c,No,-
media_version,DEVICE_ATTR,scsi/osst.c,No,-
ADR_rev,DEVICE_ATTR,scsi/osst.c,No,-
BOT_frame,DEVICE_ATTR,scsi/osst.c,No,-
EOD_frame,DEVICE_ATTR,scsi/osst.c,No,-
capacity,DEVICE_ATTR,scsi/osst.c,No,-
fka_period,DEVICE_ATTR,scsi/qedf/qedf_attr.c,No,-
fcoe_mac,DEVICE_ATTR,scsi/qedf/qedf_attr.c,No,-
port_state,DEVICE_ATTR,scsi/qedi/qedi_sysfs.c,No,-
fw_uptime,DEVICE_ATTR,scsi/qla4xxx/ql4_attr.c,No,-
routes,DEVICE_ATTR_RO,rapidio/rio-sysfs.c, Maybe,Patch sent
lprev,DEVICE_ATTR_RO,rapidio/rio-sysfs.c, Maybe,Patch sent
lnext,DEVICE_ATTR_RO,rapidio/rio-sysfs.c, Maybe,Patch sent
sys_size,DEVICE_ATTR_RO,rapidio/rio-sysfs.c, Maybe,Patch sent
fw_build_user,DEVICE_ATTR,scsi/qla4xxx/ql4_attr.c,No,-
phy_port_num,DEVICE_ATTR,scsi/qla4xxx/ql4_attr.c,No,-
iscsi_func_cnt,DEVICE_ATTR,scsi/qla4xxx/ql4_attr.c,No,-
optrom_version,DEVICE_ATTR,scsi/qla4xxx/ql4_attr.c,No,-
board_id,DEVICE_ATTR,scsi/qla4xxx/ql4_attr.c,No,-
phy_port_cnt,DEVICE_ATTR,scsi/qla4xxx/ql4_attr.c,No,-
fw_load_src,DEVICE_ATTR,scsi/qla4xxx/ql4_attr.c,No,-
fw_ext_timestamp,DEVICE_ATTR,scsi/qla4xxx/ql4_attr.c,No,-
fw_timestamp,DEVICE_ATTR,scsi/qla4xxx/ql4_attr.c,No,-
serial_num,DEVICE_ATTR,scsi/qla4xxx/ql4_attr.c,No,-
iscsi_version,DEVICE_ATTR,scsi/qla4xxx/ql4_attr.c,No,-
fw_state,DEVICE_ATTR,scsi/qla4xxx/ql4_attr.c,No,-
hba_model,DEVICE_ATTR,scsi/qla4xxx/ql4_attr.c,No,-
statistics,DRIVER_ATTR_RW,scsi/scsi_debug.c,No,-
strict,DRIVER_ATTR_RW,scsi/scsi_debug.c,No,-
max_luns,DRIVER_ATTR_RW,scsi/scsi_debug.c,No,-
no_lun_0,DRIVER_ATTR_RW,scsi/scsi_debug.c,No,-
virtual_gb,DRIVER_ATTR_RW,scsi/scsi_debug.c,No,-
host_lock,DRIVER_ATTR_RW,scsi/scsi_debug.c,No,-
every_nth,DRIVER_ATTR_RW,scsi/scsi_debug.c,No,-
delay,DRIVER_ATTR_RW,scsi/scsi_debug.c,No,-
fake_rw,DRIVER_ATTR_RW,scsi/scsi_debug.c,No,-
opts,DRIVER_ATTR_RW,scsi/scsi_debug.c,No,-
add_host,DRIVER_ATTR_RW,scsi/scsi_debug.c,No,-
dsense,DRIVER_ATTR_RW,scsi/scsi_debug.c,No,-
ndelay,DRIVER_ATTR_RW,scsi/scsi_debug.c,No,-
vpd_use_hostno,DRIVER_ATTR_RW,scsi/scsi_debug.c,No,-
ptype,DRIVER_ATTR_RW,scsi/scsi_debug.c,No,-
max_queue,DRIVER_ATTR_RW,scsi/scsi_debug.c,No,-
num_tgts,DRIVER_ATTR_RW,scsi/scsi_debug.c,No,-
prot_capabilities,shost_rd_attr,scsi/scsi_sysfs.c,No,-
sg_prot_tablesize,shost_rd_attr,scsi/scsi_sysfs.c,No,-
can_queue,shost_rd_attr,scsi/scsi_sysfs.c,No,-
scsi_level,sdev_rd_attr,scsi/scsi_sysfs.c,No,-
cmd_per_lun,shost_rd_attr,scsi/scsi_sysfs.c,No,-
prot_guard_type,shost_rd_attr,scsi/scsi_sysfs.c,No,-
sg_tablesize,shost_rd_attr,scsi/scsi_sysfs.c,No,-
unchecked_isa_dma,shost_rd_attr,scsi/scsi_sysfs.c,No,-
supported_classes,FC_DEVICE_ATTR,scsi/scsi_transport_fc.c,No,-
manufacturer,fc_private_host_rd_attr,scsi/scsi_transport_fc.c,No,-
active_fc4s,FC_DEVICE_ATTR,scsi/scsi_transport_fc.c,No,-
hardware_version,fc_private_host_rd_attr,scsi/scsi_transport_fc.c,No,-
maxframe_size,fc_private_rport_rd_attr,scsi/scsi_transport_fc.c,No,-
maxframe_size,fc_private_host_rd_attr,scsi/scsi_transport_fc.c,No,-
model_description,fc_private_host_rd_attr,scsi/scsi_transport_fc.c,No,-
vport_delete,FC_DEVICE_ATTR,scsi/scsi_transport_fc.c,No,-
scsi_target_id,fc_private_rport_rd_attr,scsi/scsi_transport_fc.c,No,-
system_hostname,FC_DEVICE_ATTR,scsi/scsi_transport_fc.c,No,-
max_npiv_vports,fc_private_host_rd_attr,scsi/scsi_transport_fc.c,No,-
vport_disable,FC_DEVICE_ATTR,scsi/scsi_transport_fc.c,No,-
driver_version,fc_private_host_rd_attr,scsi/scsi_transport_fc.c,No,-
supported_speeds,FC_DEVICE_ATTR,scsi/scsi_transport_fc.c,No,-
serial_number,fc_private_host_rd_attr,scsi/scsi_transport_fc.c,No,-
supported_fc4s,FC_DEVICE_ATTR,scsi/scsi_transport_fc.c,No,-
npiv_vports_inuse,fc_private_host_rd_attr,scsi/scsi_transport_fc.c,No,-
vport_create,FC_DEVICE_ATTR,scsi/scsi_transport_fc.c,No,-
optionrom_version,fc_private_host_rd_attr,scsi/scsi_transport_fc.c,No,-
symbolic_name,fc_host_rd_attr,scsi/scsi_transport_fc.c,No,-
reset_statistics,FC_DEVICE_ATTR,scsi/scsi_transport_fc.c,No,-
symbolic_name,FC_DEVICE_ATTR,scsi/scsi_transport_fc.c,No,-
tgtid_bind_type,FC_DEVICE_ATTR,scsi/scsi_transport_fc.c,No,-
issue_lip,FC_DEVICE_ATTR,scsi/scsi_transport_fc.c,No,-
nd_reachable_tmo,iscsi_iface_net_attr,scsi/scsi_transport_iscsi.c,No,-
dhcp_alt_client_id_en,iscsi_iface_net_attr,scsi/scsi_transport_iscsi.c,No,-
tcp_nagle_disable,iscsi_iface_net_attr,scsi/scsi_transport_iscsi.c,No,-
router_adv_link_mtu,iscsi_iface_net_attr,scsi/scsi_transport_iscsi.c,No,-
mld_en,iscsi_iface_net_attr,scsi/scsi_transport_iscsi.c,No,-
cache_id,iscsi_iface_net_attr,scsi/scsi_transport_iscsi.c,No,-
ttl,iscsi_iface_net_attr,scsi/scsi_transport_iscsi.c,No,-
link_local_state,iscsi_iface_net_attr,scsi/scsi_transport_iscsi.c,No,-
tcp_timestamp_en,iscsi_iface_net_attr,scsi/scsi_transport_iscsi.c,No,-
incoming_forwarding_en,iscsi_iface_net_attr,scsi/scsi_transport_iscsi.c,No,-
ipaddress,iscsi_iface_net_attr,scsi/scsi_transport_iscsi.c,No,-
ipaddr_autocfg,iscsi_iface_net_attr,scsi/scsi_transport_iscsi.c,No,-
delayed_ack_en,iscsi_iface_net_attr,scsi/scsi_transport_iscsi.c,No,-
tos,iscsi_iface_net_attr,scsi/scsi_transport_iscsi.c,No,-
dup_addr_detect_cnt,iscsi_iface_net_attr,scsi/scsi_transport_iscsi.c,No,-
flow_label,iscsi_iface_net_attr,scsi/scsi_transport_iscsi.c,No,-
grat_arp_en,iscsi_iface_net_attr,scsi/scsi_transport_iscsi.c,No,-
dhcp_slp_da_info_en,iscsi_iface_net_attr,scsi/scsi_transport_iscsi.c,No,-
traffic_class,iscsi_iface_net_attr,scsi/scsi_transport_iscsi.c,No,-
tcp_wsf,iscsi_iface_net_attr,scsi/scsi_transport_iscsi.c,No,-
dhcp_learn_iqn_en,iscsi_iface_net_attr,scsi/scsi_transport_iscsi.c,No,-
vlan_priority,iscsi_iface_net_attr,scsi/scsi_transport_iscsi.c,No,-
dhcp_alt_client_id,iscsi_iface_net_attr,scsi/scsi_transport_iscsi.c,No,-
ipaddress_state,iscsi_iface_net_attr,scsi/scsi_transport_iscsi.c,No,-
router_addr,iscsi_iface_net_attr,scsi/scsi_transport_iscsi.c,No,-
gateway,iscsi_iface_net_attr,scsi/scsi_transport_iscsi.c,No,-
tos_en,iscsi_iface_net_attr,scsi/scsi_transport_iscsi.c,No,-
grat_neighbor_adv_en,iscsi_iface_net_attr,scsi/scsi_transport_iscsi.c,No,-
tcp_timer_scale,iscsi_iface_net_attr,scsi/scsi_transport_iscsi.c,No,-
link_local_addr,iscsi_iface_net_attr,scsi/scsi_transport_iscsi.c,No,-
subnet,iscsi_iface_net_attr,scsi/scsi_transport_iscsi.c,No,-
redirect_en,iscsi_iface_net_attr,scsi/scsi_transport_iscsi.c,No,-
tcp_wsf_disable,iscsi_iface_net_attr,scsi/scsi_transport_iscsi.c,No,-
dhcp_req_vendor_id_en,iscsi_iface_net_attr,scsi/scsi_transport_iscsi.c,No,-
dhcp_dns_address_en,iscsi_iface_net_attr,scsi/scsi_transport_iscsi.c,No,-
router_state,iscsi_iface_net_attr,scsi/scsi_transport_iscsi.c,No,-
nd_stale_tmo,iscsi_iface_net_attr,scsi/scsi_transport_iscsi.c,No,-
bootproto,iscsi_iface_net_attr,scsi/scsi_transport_iscsi.c,No,-
link_local_autocfg,iscsi_iface_net_attr,scsi/scsi_transport_iscsi.c,No,-
nd_rexmit_time,iscsi_iface_net_attr,scsi/scsi_transport_iscsi.c,No,-
fragment_disable,iscsi_iface_net_attr,scsi/scsi_transport_iscsi.c,No,-
vlan_id,iscsi_iface_net_attr,scsi/scsi_transport_iscsi.c,No,-
dhcp_vendor_id,iscsi_iface_net_attr,scsi/scsi_transport_iscsi.c,No,-
hop_limit,iscsi_iface_net_attr,scsi/scsi_transport_iscsi.c,No,-
dhcp_use_vendor_id_en,iscsi_iface_net_attr,scsi/scsi_transport_iscsi.c,No,-
vlan_enabled,iscsi_iface_net_attr,scsi/scsi_transport_iscsi.c,No,-
iu,spi_transport_max_attr,scsi/scsi_transport_spi.c,No,-
width,spi_transport_max_attr,scsi/scsi_transport_spi.c,No,-
qas,spi_transport_max_attr,scsi/scsi_transport_spi.c,No,-
failed_reconnects,DEVICE_ATTR,scsi/scsi_transport_srp.c,No,-
snic_state,DEVICE_ATTR,scsi/snic/snic_attrs.c,No,-
drv_version,DEVICE_ATTR,scsi/snic/snic_attrs.c,No,-
snic_sym_name,DEVICE_ATTR,scsi/snic/snic_attrs.c,No,-
link_state,DEVICE_ATTR,scsi/snic/snic_attrs.c,No,-
core_num,ssb_config_attr,ssb/main.c,No,-
coreid,ssb_config_attr,ssb/main.c,No,-
vendor_string,DEVICE_ATTR_RO,staging/greybus/control.c,No,-
product_string,DEVICE_ATTR_RO,staging/greybus/control.c,No,-
power_now,DEVICE_ATTR_RO,staging/greybus/interface.c,No,-
current_now,DEVICE_ATTR_RO,staging/greybus/interface.c,No,-
voltage_now,DEVICE_ATTR_RO,staging/greybus/interface.c,No,-
interface_type,DEVICE_ATTR_RO,staging/greybus/interface.c,No,-
color,DEVICE_ATTR_RW,staging/greybus/light.c,No,-
throughput,gb_loopback_stats_attrs,staging/greybus/loopback.c,No,-
us_wait,gb_dev_loopback_rw_attr,staging/greybus/loopback.c,No,-
requests_per_second,gb_loopback_stats_attrs,staging/greybus/loopback.c,No,-
gbphy_firmware_latency,gb_loopback_stats_attrs,staging/greybus/loopback.c,No,-
apbridge_unipro_latency,gb_loopback_stats_attrs,staging/greybus/loopback.c,No,-
outstanding_operations_max,gb_dev_loopback_rw_attr,staging/greybus/loopback.c,No,-
iteration_max,gb_dev_loopback_rw_attr,staging/greybus/loopback.c,No,-
intf_eject,DEVICE_ATTR_WO,staging/greybus/svc.c,No,-
in_temp_thresh_low_value,IIO_DEVICE_ATTR,staging/iio/adc/ad7280a.c,No,-
in_temp_thresh_high_value,IIO_DEVICE_ATTR,staging/iio/adc/ad7280a.c,No,-
in_voltage_scale_available,IIO_DEVICE_ATTR_RO,staging/iio/adc/ad7606.c,No,-
available_modes,IIO_DEVICE_ATTR,staging/iio/adc/ad7816.c,No,-
value,IIO_DEVICE_ATTR,staging/iio/adc/ad7816.c,No,-
oti,IIO_DEVICE_ATTR,staging/iio/adc/ad7816.c,No,-
granted,LUSTRE_RO_ATTR,staging/lustre/lustre/ldlm/ldlm_pool.c,No,-
grant_plan,LUSTRE_RO_ATTR,staging/lustre/lustre/ldlm/ldlm_pool.c,No,-
grant_speed,LUSTRE_RO_ATTR,staging/lustre/lustre/ldlm/ldlm_pool.c,No,-
grant_rate,LUSTRE_RO_ATTR,staging/lustre/lustre/ldlm/ldlm_pool.c,No,-
cancel_rate,LUSTRE_RO_ATTR,staging/lustre/lustre/ldlm/ldlm_pool.c,No,-
server_lock_volume,LUSTRE_RO_ATTR,staging/lustre/lustre/ldlm/ldlm_pool.c,No,-
activeobd,LUSTRE_RO_ATTR,staging/lustre/lustre/lov/lproc_lov.c,No,-
numobd,LUSTRE_RO_ATTR,staging/lustre/lustre/lov/lproc_lov.c,No,-
destroys_in_flight,LUSTRE_RO_ATTR,staging/lustre/lustre/osc/lproc_osc.c,No,-
unstable_stats,LUSTRE_RO_ATTR,staging/lustre/lustre/osc/lproc_osc.c,No,-
cur_lost_grant_bytes,LUSTRE_RO_ATTR,staging/lustre/lustre/osc/lproc_osc.c,No,-
cur_dirty_bytes,LUSTRE_RO_ATTR,staging/lustre/lustre/osc/lproc_osc.c,No,-
available_uuids,DEVICE_ATTR_RO,thermal/int340x_thermal/int3400_thermal.c,No,-
rx_fifo_trigger,DEVICE_ATTR,tty/serial/sh-sci.c,No,-
rx_fifo_timeout,DEVICE_ATTR,tty/serial/sh-sci.c,No,-
is_selfpowered,USB_UDC_ATTR,usb/gadget/udc/core.c,No,-
registers,DEVICE_ATTR_RO,usb/gadget/udc/net2272.c,No,-
decimals,DEVICE_ATTR,usb/misc/usbsevseg.c,No,-
text,DEVICE_ATTR,usb/misc/usbsevseg.c,No,-
textmode,DEVICE_ATTR,usb/misc/usbsevseg.c,No,-
fsl_usb2_otg_state,DEVICE_ATTR,usb/phy/phy-fsl-usb.c,No,-
event_char,DEVICE_ATTR,usb/serial/ftdi_sio.c,No,-
rebind,DRIVER_ATTR_WO,usb/usbip/stub_main.c,No,-
usbip_debug,DEVICE_ATTR_RW,usb/usbip/usbip_common.c,No,-
nports,DEVICE_ATTR_RO,usb/usbip/vhci_sysfs.c,No,-
attach,DEVICE_ATTR,usb/usbip/vhci_sysfs.c,No,-
detach,DEVICE_ATTR,usb/usbip/vhci_sysfs.c,No,-
wusb_device_name,DEVICE_ATTR,usb/wusbcore/cbaf.c,No,-
l1_daylight_dim,DEVICE_ATTR,video/backlight/adp8870_bl.c,No,-
gamma_mode,DEVICE_ATTR,video/backlight/s6e63m0.c,No,-
gamma_table,DEVICE_ATTR,video/backlight/s6e63m0.c,No,-
dispregs,DEVICE_ATTR,video/fbdev/mb862xx/mb862xxfbdrv.c,No,-
ulps,DEVICE_ATTR,video/fbdev/omap2/omapfb/displays/panel-dsi-cm.c,No,-
hw_revision,DEVICE_ATTR,video/fbdev/omap2/omapfb/displays/panel-dsi-cm.c,No,-
num_dsi_errors,DEVICE_ATTR,video/fbdev/omap2/omapfb/displays/panel-dsi-cm.c,No,-
ulps_timeout,DEVICE_ATTR,video/fbdev/omap2/omapfb/displays/panel-dsi-cm.c,No,-
trans_key_enabled,MANAGER_ATTR,video/fbdev/omap2/omapfb/dss/manager-sysfs.c,No,-
trans_key_type,MANAGER_ATTR,video/fbdev/omap2/omapfb/dss/manager-sysfs.c,No,-
default_color,MANAGER_ATTR,video/fbdev/omap2/omapfb/dss/manager-sysfs.c,No,-
trans_key_value,MANAGER_ATTR,video/fbdev/omap2/omapfb/dss/manager-sysfs.c,No,-
cpr_enable,MANAGER_ATTR,video/fbdev/omap2/omapfb/dss/manager-sysfs.c,No,-
cpr_coef,MANAGER_ATTR,video/fbdev/omap2/omapfb/dss/manager-sysfs.c,No,-
alpha_blending_enabled,MANAGER_ATTR,video/fbdev/omap2/omapfb/dss/manager-sysfs.c,No,-
debug,DEVICE_ATTR,video/fbdev/s3c2410fb.c,No,-
sleep_milliseconds,KSM_ATTR,mm/ksm.c,Maybe,No reply
use_zero_pages,KSM_ATTR,mm/ksm.c,No,No reply
output,DEVICE_ATTR_RW,w1/slaves/w1_ds2405.c,No,-
slotaddr,zorro_config_attr,zorro/zorro-sysfs.c,No,-
slotsize,zorro_config_attr,zorro/zorro-sysfs.c,No,-
